rank,scenario,case,time_s,psnr_db
1,unitree_z1_stackbox,1,134,31.52061179
2,unitree_z1_dual_arm_stackbox,4,138,30.26007107
3,unitree_z1_dual_arm_stackbox,3,140,30.14982758
4,unitree_z1_dual_arm_cleanup_pencils,4,136,30.12042768
5,unitree_z1_stackbox,4,136,29.82408307
6,unitree_z1_stackbox,2,134,29.56448743
7,unitree_z1_dual_arm_stackbox,1,138,29.35295939
8,unitree_z1_dual_arm_stackbox,2,140,29.32764248
9,unitree_z1_dual_arm_cleanup_pencils,1,137,26.81183062
10,unitree_z1_stackbox,3,135,26.74679179
11,unitree_z1_dual_arm_cleanup_pencils,3,136,26.58343360
12,unitree_z1_dual_arm_cleanup_pencils,2,137,26.51255431
13,unitree_g1_pack_camera,2,136,25.51766958
14,unitree_z1_dual_arm_stackbox_v2,1,137,25.50858789
15,unitree_g1_pack_camera,3,136,25.47688202
16,unitree_g1_pack_camera,4,136,24.14204303
17,unitree_z1_dual_arm_stackbox_v2,4,135,23.78970869
18,unitree_g1_pack_camera,1,136,23.23073681
19,unitree_z1_dual_arm_stackbox_v2,2,136,21.89771892
20,unitree_z1_dual_arm_stackbox_v2,3,135,21.84375638
