scene,case,baseline_seconds,baseline_psnr,optimized_seconds,optimized_psnr,speedup,frames,valid
unitree_g1_pack_camera,1,1415.107846,32.393632,258.282422,29.550508,5.478917,176,true
unitree_g1_pack_camera,2,1371.997523,33.514093,258.177094,33.172492,5.314172,176,true
unitree_g1_pack_camera,3,1320.669211,31.095238,280.447827,32.804919,4.709144,176,true
unitree_g1_pack_camera,4,1372.835495,32.441032,257.301299,26.542096,5.335517,176,true
unitree_z1_dual_arm_cleanup_pencils,1,1095.654707,42.698474,204.245451,42.946139,5.364402,128,true
unitree_z1_dual_arm_cleanup_pencils,2,1085.685125,45.515677,205.220378,45.567585,5.290338,128,true
unitree_z1_dual_arm_cleanup_pencils,3,1040.525944,31.769271,204.231458,36.275668,5.094837,128,true
unitree_z1_dual_arm_cleanup_pencils,4,1093.926945,47.176498,198.173191,45.440683,5.520055,128,true
unitree_z1_dual_arm_stackbox,1,949.387064,43.320477,180.192008,42.930325,5.268752,112,true
unitree_z1_dual_arm_stackbox,2,946.609898,39.447395,189.168377,39.751668,5.004060,112,true
unitree_z1_dual_arm_stackbox,3,959.373536,38.713703,176.281675,38.702378,5.442276,112,true
unitree_z1_dual_arm_stackbox,4,966.392039,40.849409,180.216237,40.156383,5.362403,112,true
unitree_z1_dual_arm_stackbox_v2,1,1441.943115,25.524571,218.208467,26.933339,6.608099,176,true
unitree_z1_dual_arm_stackbox_v2,2,1432.824294,28.999085,218.217335,27.868121,6.566043,176,true
unitree_z1_dual_arm_stackbox_v2,3,1419.055863,27.054222,217.198313,31.598961,6.533457,176,true
unitree_z1_dual_arm_stackbox_v2,4,1421.155985,29.309032,219.168598,25.933885,6.484305,176,true
unitree_z1_stackbox,1,1540.898652,39.378743,277.292097,41.116847,5.556951,192,true
unitree_z1_stackbox,2,1501.119752,39.982555,284.668855,39.397992,5.273214,192,true
unitree_z1_stackbox,3,1478.031879,43.532251,284.338757,39.092592,5.198137,192,true
unitree_z1_stackbox,4,1503.864545,46.852718,277.302715,47.320995,5.423187,192,true
